{
    "UserAgent": "aws-amplify-cli/0.1.0",
    "Version": "0.1.0",
    "IdentityManager": {
        "Default": {}
    },
    "CredentialsProvider": {
        "CognitoIdentity": {
            "Default": {
                "PoolId": "us-east-1:158338ef-e40c-4e36-9b77-970a25e8c693",
                "Region": "us-east-1"
            }
        }
    },
    "CognitoUserPool": {
        "Default": {
            "PoolId": "us-east-1_okYrzNWN6",
            "AppClientId": "48u5rf1drem4po8b5aitjet0t7",
            "Region": "us-east-1"
        }
    },
    "Auth": {
        "Default": {
            "authenticationFlowType": "USER_SRP_AUTH"
        }
    }
}