{
  "dev": {
    "awscloudformation": {
      "AuthRoleName": "amplify-cloudprog-dev-123634-authRole",
      "UnauthRoleArn": "arn:aws:iam::451599504619:role/amplify-cloudprog-dev-123634-unauthRole",
      "AuthRoleArn": "arn:aws:iam::451599504619:role/amplify-cloudprog-dev-123634-authRole",
      "Region": "us-east-1",
      "DeploymentBucketName": "amplify-cloudprog-dev-123634-deployment",
      "UnauthRoleName": "amplify-cloudprog-dev-123634-unauthRole",
      "StackName": "amplify-cloudprog-dev-123634",
      "StackId": "arn:aws:cloudformation:us-east-1:451599504619:stack/amplify-cloudprog-dev-123634/9fed1e50-c100-11eb-a98d-0acfa743837d",
      "AmplifyAppId": "d1dp9kk8u81z1i"
    },
    "categories": {
      "auth": {
        "cloudprog1c897c69": {}
      }
    }
  }
}