{
  "providers": {
    "awscloudformation": {
      "AuthRoleName": "amplify-cloudprog-dev-123634-authRole",
      "UnauthRoleArn": "arn:aws:iam::451599504619:role/amplify-cloudprog-dev-123634-unauthRole",
      "AuthRoleArn": "arn:aws:iam::451599504619:role/amplify-cloudprog-dev-123634-authRole",
      "Region": "us-east-1",
      "DeploymentBucketName": "amplify-cloudprog-dev-123634-deployment",
      "UnauthRoleName": "amplify-cloudprog-dev-123634-unauthRole",
      "StackName": "amplify-cloudprog-dev-123634",
      "StackId": "arn:aws:cloudformation:us-east-1:451599504619:stack/amplify-cloudprog-dev-123634/9fed1e50-c100-11eb-a98d-0acfa743837d",
      "AmplifyAppId": "d1dp9kk8u81z1i"
    }
  },
  "auth": {
    "cloudprog1c897c69": {
      "service": "Cognito",
      "providerPlugin": "awscloudformation",
      "dependsOn": [],
      "customAuth": false,
      "providerMetadata": {
        "s3TemplateURL": "https://s3.amazonaws.com/amplify-cloudprog-dev-123634-deployment/amplify-cfn-templates/auth/cloudprog1c897c69-cloudformation-template.yml",
        "logicalId": "authcloudprog1c897c69"
      },
      "lastPushTimeStamp": "2021-05-30T04:41:15.367Z",
      "output": {
        "UserPoolId": "us-east-1_okYrzNWN6",
        "AppClientIDWeb": "qi96esfhacno02evvt6q4u84e",
        "AppClientID": "48u5rf1drem4po8b5aitjet0t7",
        "IdentityPoolId": "us-east-1:158338ef-e40c-4e36-9b77-970a25e8c693",
        "IdentityPoolName": "cloudprog1c897c69_identitypool_1c897c69__dev",
        "UserPoolName": "cloudprog1c897c69_userpool_1c897c69"
      },
      "lastPushDirHash": "JCQ034B8wAaphxPLunAXPHgdb3s="
    }
  }
}